date,is_weekend,trip_count,day_of_week
2019-12-31,0,22.0,Tuesday
2020-01-01,0,7779.0,Wednesday
2020-01-02,0,19146.0,Thursday
2020-01-03,0,14748.0,Friday
2020-01-04,1,13507.0,Saturday
2020-01-05,1,12428.0,Sunday
2020-01-06,0,19903.0,Monday
2020-01-07,0,21832.0,Tuesday
2020-01-08,0,19948.0,Wednesday
2020-01-09,0,18399.0,Thursday
2020-01-10,0,24052.0,Friday
2020-01-11,1,25674.0,Saturday
2020-01-12,1,24297.0,Sunday
2020-01-13,0,23303.0,Monday
2020-01-14,0,20890.0,Tuesday
2020-01-15,0,25517.0,Wednesday
2020-01-16,0,21393.0,Thursday
2020-01-17,0,16041.0,Friday
2020-01-18,1,5944.0,Saturday
2020-01-19,1,11775.0,Sunday
2020-01-20,0,11243.0,Monday
2020-01-21,0,17778.0,Tuesday
2020-01-22,0,20438.0,Wednesday
2020-01-23,0,22670.0,Thursday
2020-01-24,0,24085.0,Friday
2020-01-25,1,8123.0,Saturday
2020-01-26,1,16373.0,Sunday
2020-01-27,0,22075.0,Monday
2020-01-28,0,22957.0,Tuesday
2020-01-29,0,22619.0,Wednesday
2020-01-30,0,21646.0,Thursday
2020-01-31,0,22204.0,Friday
2020-02-01,1,16322.0,Saturday
2020-02-02,1,12734.0,Sunday
2020-02-03,0,25138.0,Monday
2020-02-04,0,24633.0,Tuesday
2020-02-05,0,23958.0,Wednesday
2020-02-06,0,15211.0,Thursday
2020-02-07,0,15478.0,Friday
2020-02-08,1,15032.0,Saturday
2020-02-09,1,15044.0,Sunday
2020-02-10,0,12745.0,Monday
2020-02-11,0,17708.0,Tuesday
2020-02-12,0,23116.0,Wednesday
2020-02-13,0,17757.0,Thursday
2020-02-14,0,17224.0,Friday
2020-02-15,1,9928.0,Saturday
2020-02-16,1,12369.0,Sunday
2020-02-17,0,18699.0,Monday
2020-02-18,0,20966.0,Tuesday
2020-02-19,0,23337.0,Wednesday
2020-02-20,0,20109.0,Thursday
2020-02-21,0,18402.0,Friday
2020-02-22,1,18106.0,Saturday
2020-02-23,1,21037.0,Sunday
2020-02-24,0,26477.0,Monday
2020-02-25,0,18534.0,Tuesday
2020-02-26,0,21373.0,Wednesday
2020-02-27,0,20575.0,Thursday
2020-02-28,0,20614.0,Friday
2020-02-29,1,13448.0,Saturday
2020-03-01,1,14597.0,Sunday
2020-03-02,0,26746.0,Monday
2020-03-03,0,23431.0,Tuesday
2020-03-04,0,27640.0,Wednesday
2020-03-05,0,27663.0,Thursday
2020-03-06,0,15870.0,Friday
2020-03-07,1,17748.0,Saturday
2020-03-08,1,21145.0,Sunday
2020-03-09,0,31764.0,Monday
2020-03-10,0,29446.0,Tuesday
2020-03-11,0,28142.0,Wednesday
2020-03-12,0,23314.0,Thursday
2020-03-13,0,19219.0,Friday
2020-03-14,1,18884.0,Saturday
2020-03-15,1,15066.0,Sunday
2020-03-16,0,13030.0,Monday
2020-03-17,0,10566.0,Tuesday
2020-03-18,0,12947.0,Wednesday
2020-03-19,0,8826.0,Thursday
2020-03-20,0,13287.0,Friday
2020-03-21,1,13045.0,Saturday
2020-03-22,1,8091.0,Sunday
2020-03-23,0,1767.0,Monday
2020-03-24,0,8547.0,Tuesday
2020-03-25,0,5159.0,Wednesday
2020-03-26,0,9049.0,Thursday
2020-03-27,0,10627.0,Friday
2020-03-28,1,3766.0,Saturday
2020-03-29,1,4169.0,Sunday
2020-03-30,0,6214.0,Monday
2020-03-31,0,6269.0,Tuesday
2020-04-01,0,8467.0,Wednesday
2020-04-02,0,7864.0,Thursday
2020-04-03,0,4707.0,Friday
2020-04-04,1,11758.0,Saturday
2020-04-05,1,10533.0,Sunday
2020-04-06,0,9855.0,Monday
2020-04-07,0,9501.0,Tuesday
2020-04-08,0,8623.0,Wednesday
2020-04-09,0,5980.0,Thursday
2020-04-10,0,6986.0,Friday
2020-04-11,1,13560.0,Saturday
2020-04-12,1,13054.0,Sunday
2020-04-13,0,3225.0,Monday
2020-04-14,0,10221.0,Tuesday
2020-04-15,0,9246.0,Wednesday
2020-04-16,0,8091.0,Thursday
2020-04-17,0,7947.0,Friday
2020-04-18,1,6887.0,Saturday
2020-04-19,1,19270.0,Sunday
2020-04-20,0,9193.0,Monday
2020-04-21,0,7287.0,Tuesday
2020-04-22,0,9879.0,Wednesday
2020-04-23,0,8041.0,Thursday
2020-04-24,0,5444.0,Friday
2020-04-25,1,24055.0,Saturday
2020-04-26,1,3952.0,Sunday
2020-04-27,0,7523.0,Monday
2020-04-28,0,16088.0,Tuesday
2020-04-29,0,9017.0,Wednesday
2020-04-30,0,6331.0,Thursday
2020-05-01,0,10540.0,Friday
2020-05-02,1,29384.0,Saturday
2020-05-03,1,25051.0,Sunday
2020-05-04,0,13106.0,Monday
2020-05-05,0,14171.0,Tuesday
2020-05-06,0,7242.0,Wednesday
2020-05-07,0,17736.0,Thursday
2020-05-08,0,7155.0,Friday
2020-05-09,1,11385.0,Saturday
2020-05-10,1,21929.0,Sunday
2020-05-11,0,9403.0,Monday
2020-05-12,0,14752.0,Tuesday
2020-05-13,0,16509.0,Wednesday
2020-05-14,0,16618.0,Thursday
2020-05-15,0,21101.0,Friday
2020-05-16,1,31622.0,Saturday
2020-05-17,1,25088.0,Sunday
2020-05-18,0,15790.0,Monday
2020-05-19,0,16207.0,Tuesday
2020-05-20,0,18654.0,Wednesday
2020-05-21,0,19554.0,Thursday
2020-05-22,0,19073.0,Friday
2020-05-23,1,9512.0,Saturday
2020-05-24,1,28523.0,Sunday
2020-05-25,0,26839.0,Monday
2020-05-26,0,20880.0,Tuesday
2020-05-27,0,21832.0,Wednesday
2020-05-28,0,18885.0,Thursday
2020-05-29,0,21289.0,Friday
2020-05-30,1,34880.0,Saturday
2020-05-31,1,31999.0,Sunday
2020-06-01,0,21462.0,Monday
2020-06-02,0,19319.0,Tuesday
2020-06-03,0,12251.0,Wednesday
2020-06-04,0,16238.0,Thursday
2020-06-05,0,13383.0,Friday
2020-06-06,1,22597.0,Saturday
2020-06-07,1,31216.0,Sunday
2020-06-08,0,23786.0,Monday
2020-06-09,0,24355.0,Tuesday
2020-06-10,0,25082.0,Wednesday
2020-06-11,0,17869.0,Thursday
2020-06-12,0,27993.0,Friday
2020-06-13,1,35046.0,Saturday
2020-06-14,1,30428.0,Sunday
2020-06-15,0,22861.0,Monday
2020-06-16,0,26089.0,Tuesday
2020-06-17,0,25511.0,Wednesday
2020-06-18,0,24506.0,Thursday
2020-06-19,0,30811.0,Friday
2020-06-20,1,31260.0,Saturday
2020-06-21,1,27924.0,Sunday
2020-06-22,0,24204.0,Monday
2020-06-23,0,27080.0,Tuesday
2020-06-24,0,27359.0,Wednesday
2020-06-25,0,28248.0,Thursday
2020-06-26,0,30047.0,Friday
2020-06-27,1,24076.0,Saturday
2020-06-28,1,28205.0,Sunday
2020-06-29,0,25323.0,Monday
2020-06-30,0,26444.0,Tuesday
2020-07-01,0,26145.0,Wednesday
2020-07-02,0,29747.0,Thursday
2020-07-03,0,23495.0,Friday
2020-07-04,1,27339.0,Saturday
2020-07-05,1,25221.0,Sunday
2020-07-06,0,18817.0,Monday
2020-07-07,0,27939.0,Tuesday
2020-07-08,0,26573.0,Wednesday
2020-07-09,0,31808.0,Thursday
2020-07-10,0,9401.0,Friday
2020-07-11,1,27305.0,Saturday
2020-07-12,1,34174.0,Sunday
2020-07-13,0,29087.0,Monday
2020-07-14,0,32568.0,Tuesday
2020-07-15,0,32951.0,Wednesday
2020-07-16,0,33116.0,Thursday
2020-07-17,0,29548.0,Friday
2020-07-18,1,33322.0,Saturday
2020-07-19,1,27671.0,Sunday
2020-07-20,0,24926.0,Monday
2020-07-21,0,29922.0,Tuesday
2020-07-22,0,22059.0,Wednesday
2020-07-23,0,28206.0,Thursday
2020-07-24,0,28520.0,Friday
2020-07-25,1,36222.0,Saturday
2020-07-26,1,30322.0,Sunday
2020-07-27,0,26717.0,Monday
2020-07-28,0,29927.0,Tuesday
2020-07-29,0,32732.0,Wednesday
2020-07-30,0,30826.0,Thursday
2020-07-31,0,29873.0,Friday
2020-08-01,1,36456.0,Saturday
2020-08-02,1,28500.0,Sunday
2020-08-03,0,28071.0,Monday
2020-08-04,0,19052.0,Tuesday
2020-08-05,0,34457.0,Wednesday
2020-08-06,0,33293.0,Thursday
2020-08-07,0,25327.0,Friday
2020-08-08,1,36676.0,Saturday
2020-08-09,1,33129.0,Sunday
2020-08-10,0,28512.0,Monday
2020-08-11,0,31618.0,Tuesday
2020-08-12,0,28240.0,Wednesday
2020-08-13,0,26284.0,Thursday
2020-08-14,0,34598.0,Friday
2020-08-15,1,38294.0,Saturday
2020-08-16,1,15906.0,Sunday
2020-08-17,0,29492.0,Monday
2020-08-18,0,34534.0,Tuesday
2020-08-19,0,30114.0,Wednesday
2020-08-20,0,33951.0,Thursday
2020-08-21,0,35372.0,Friday
2020-08-22,1,35567.0,Saturday
2020-08-23,1,33091.0,Sunday
2020-08-24,0,29899.0,Monday
2020-08-25,0,30491.0,Tuesday
2020-08-26,0,36973.0,Wednesday
2020-08-27,0,28711.0,Thursday
2020-08-28,0,33123.0,Friday
2020-08-29,1,30085.0,Saturday
2020-08-30,1,37989.0,Sunday
2020-08-31,0,32100.0,Monday
2020-09-01,0,31958.0,Tuesday
2020-09-02,0,29472.0,Wednesday
2020-09-03,0,29509.0,Thursday
2020-09-04,0,35156.0,Friday
2020-09-05,1,36183.0,Saturday
2020-09-06,1,33144.0,Sunday
2020-09-07,0,33733.0,Monday
2020-09-08,0,33492.0,Tuesday
2020-09-09,0,35427.0,Wednesday
2020-09-10,0,22855.0,Thursday
2020-09-11,0,40052.0,Friday
2020-09-12,1,41989.0,Saturday
2020-09-13,1,34987.0,Sunday
2020-09-14,0,33557.0,Monday
2020-09-15,0,35751.0,Tuesday
2020-09-16,0,37389.0,Wednesday
2020-09-17,0,37340.0,Thursday
2020-09-18,0,38679.0,Friday
2020-09-19,1,37854.0,Saturday
2020-09-20,1,32636.0,Sunday
2020-09-21,0,31304.0,Monday
2020-09-22,0,35804.0,Tuesday
2020-09-23,0,38870.0,Wednesday
2020-09-24,0,36992.0,Thursday
2020-09-25,0,40409.0,Friday
2020-09-26,1,41853.0,Saturday
2020-09-27,1,36611.0,Sunday
2020-09-28,0,33199.0,Monday
2020-09-29,0,25460.0,Tuesday
2020-09-30,0,36695.0,Wednesday
2020-10-01,0,38065.0,Thursday
2020-10-02,0,34596.0,Friday
2020-10-03,1,39976.0,Saturday
2020-10-04,1,33844.0,Sunday
2020-10-05,0,32923.0,Monday
2020-10-06,0,37042.0,Tuesday
2020-10-07,0,35230.0,Wednesday
2020-10-08,0,36059.0,Thursday
2020-10-09,0,38136.0,Friday
2020-10-10,1,39906.0,Saturday
2020-10-11,1,31465.0,Sunday
2020-10-12,0,7060.0,Monday
2020-10-13,0,22729.0,Tuesday
2020-10-14,0,38013.0,Wednesday
2020-10-15,0,39422.0,Thursday
2020-10-16,0,13171.0,Friday
2020-10-17,1,37344.0,Saturday
2020-10-18,1,32219.0,Sunday
2020-10-19,0,31423.0,Monday
2020-10-20,0,32837.0,Tuesday
2020-10-21,0,36229.0,Wednesday
2020-10-22,0,36233.0,Thursday
2020-10-23,0,37990.0,Friday
2020-10-24,1,39286.0,Saturday
2020-10-25,1,26752.0,Sunday
2020-10-26,0,22778.0,Monday
2020-10-27,0,34026.0,Tuesday
2020-10-28,0,27225.0,Wednesday
2020-10-29,0,8216.0,Thursday
2020-10-30,0,17095.0,Friday
2020-10-31,1,28441.0,Saturday
2020-11-01,1,13847.0,Sunday
2020-11-02,0,22193.0,Monday
2020-11-03,0,26767.0,Tuesday
2020-11-04,0,28080.0,Wednesday
2020-11-05,0,32547.0,Thursday
2020-11-06,0,35968.0,Friday
2020-11-07,1,42760.0,Saturday
2020-11-08,1,36651.0,Sunday
2020-11-09,0,32673.0,Monday
2020-11-10,0,36558.0,Tuesday
2020-11-11,0,19904.0,Wednesday
2020-11-12,0,17898.0,Thursday
2020-11-13,0,21357.0,Friday
2020-11-14,1,31787.0,Saturday
2020-11-15,1,22206.0,Sunday
2020-11-16,0,25547.0,Monday
2020-11-17,0,24077.0,Tuesday
2020-11-18,0,19483.0,Wednesday
2020-11-19,0,22777.0,Thursday
2020-11-20,0,30160.0,Friday
2020-11-21,1,32629.0,Saturday
2020-11-22,1,19667.0,Sunday
2020-11-23,0,18261.0,Monday
2020-11-24,0,22839.0,Tuesday
2020-11-25,0,24631.0,Wednesday
2020-11-26,0,12729.0,Thursday
2020-11-27,0,22896.0,Friday
2020-11-28,1,22514.0,Saturday
2020-11-29,1,22427.0,Sunday
2020-11-30,0,10069.0,Monday
2020-12-01,0,23242.0,Tuesday
2020-12-02,0,21056.0,Wednesday
2020-12-03,0,23577.0,Thursday
2020-12-04,0,17736.0,Friday
2020-12-05,1,14378.0,Saturday
2020-12-06,1,18016.0,Sunday
2020-12-07,0,18543.0,Monday
2020-12-08,0,18475.0,Tuesday
2020-12-09,0,16771.0,Wednesday
2020-12-10,0,23220.0,Thursday
2020-12-11,0,26920.0,Friday
2020-12-12,1,24488.0,Saturday
2020-12-13,1,26783.0,Sunday
2020-12-14,0,11371.0,Monday
2020-12-15,0,19986.0,Tuesday
2020-12-16,0,11604.0,Wednesday
2020-12-17,0,86.0,Thursday
2020-12-18,0,6469.0,Friday
2020-12-19,1,7432.0,Saturday
2020-12-20,1,7173.0,Sunday
2020-12-21,0,14177.0,Monday
2020-12-22,0,16683.0,Tuesday
2020-12-23,0,18117.0,Wednesday
2020-12-24,0,14323.0,Thursday
2020-12-25,0,4738.0,Friday
2020-12-26,1,8520.0,Saturday
2020-12-27,1,10093.0,Sunday
2020-12-28,0,16866.0,Monday
2020-12-29,0,14435.0,Tuesday
2020-12-30,0,15812.0,Wednesday
2020-12-31,0,11319.0,Thursday
2021-01-01,0,7940.0,Friday
2021-01-02,1,17898.0,Saturday
2021-01-03,1,6396.0,Sunday
2021-01-04,0,16108.0,Monday
2021-01-05,0,17111.0,Tuesday
2021-01-06,0,16820.0,Wednesday
2021-01-07,0,16669.0,Thursday
2021-01-08,0,16375.0,Friday
2021-01-09,1,14965.0,Saturday
2021-01-10,1,15238.0,Sunday
2021-01-11,0,15801.0,Monday
2021-01-12,0,18640.0,Tuesday
2021-01-13,0,18729.0,Wednesday
2021-01-14,0,20995.0,Thursday
2021-01-15,0,17613.0,Friday
2021-01-16,1,17906.0,Saturday
2021-01-17,1,16857.0,Sunday
2021-01-18,0,18846.0,Monday
2021-01-19,0,18120.0,Tuesday
2021-01-20,0,16091.0,Wednesday
2021-01-21,0,18116.0,Thursday
2021-01-22,0,19542.0,Friday
2021-01-23,1,14007.0,Saturday
2021-01-24,1,11864.0,Sunday
2021-01-25,0,16055.0,Monday
2021-01-26,0,12204.0,Tuesday
2021-01-27,0,17307.0,Wednesday
2021-01-28,0,15247.0,Thursday
2021-01-29,0,10700.0,Friday
2021-01-30,1,12124.0,Saturday
2021-01-31,1,9564.0,Sunday
2021-02-01,0,90.0,Monday
2021-02-02,0,0.0,Tuesday
2021-02-03,0,2862.0,Wednesday
2021-02-04,0,8543.0,Thursday
2021-02-05,0,10827.0,Friday
2021-02-06,1,13620.0,Saturday
2021-02-07,1,3767.0,Sunday
2021-02-08,0,8244.0,Monday
2021-02-09,0,9963.0,Tuesday
2021-02-10,0,12640.0,Wednesday
2021-02-11,0,10204.0,Thursday
2021-02-12,0,11467.0,Friday
2021-02-13,1,10002.0,Saturday
2021-02-14,1,10157.0,Sunday
2021-02-15,0,10284.0,Monday
2021-02-16,0,13691.0,Tuesday
2021-02-17,0,13416.0,Wednesday
2021-02-18,0,3372.0,Thursday
2021-02-19,0,5392.0,Friday
2021-02-20,1,11017.0,Saturday
2021-02-21,1,11477.0,Sunday
2021-02-22,0,8665.0,Monday
2021-02-23,0,14644.0,Tuesday
2021-02-24,0,19792.0,Wednesday
2021-02-25,0,18596.0,Thursday
2021-02-26,0,19262.0,Friday
2021-02-27,1,13125.0,Saturday
2021-02-28,1,8684.0,Sunday
2021-03-01,0,14702.0,Monday
2021-03-02,0,13823.0,Tuesday
2021-03-03,0,21287.0,Wednesday
2021-03-04,0,17098.0,Thursday
2021-03-05,0,15600.0,Friday
2021-03-06,1,14146.0,Saturday
2021-03-07,1,14666.0,Sunday
2021-03-08,0,16669.0,Monday
2021-03-09,0,25352.0,Tuesday
2021-03-10,0,23360.0,Wednesday
2021-03-11,0,28811.0,Thursday
2021-03-12,0,29147.0,Friday
2021-03-13,1,22454.0,Saturday
2021-03-14,1,17943.0,Sunday
2021-03-15,0,14813.0,Monday
2021-03-16,0,16414.0,Tuesday
2021-03-17,0,20368.0,Wednesday
2021-03-18,0,9565.0,Thursday
2021-03-19,0,18887.0,Friday
2021-03-20,1,27326.0,Saturday
2021-03-21,1,28225.0,Sunday
2021-03-22,0,24131.0,Monday
2021-03-23,0,26202.0,Tuesday
2021-03-24,0,13719.0,Wednesday
2021-03-25,0,27214.0,Thursday
2021-03-26,0,29709.0,Friday
2021-03-27,1,35439.0,Saturday
2021-03-28,1,10524.0,Sunday
2021-03-29,0,22019.0,Monday
2021-03-30,0,27504.0,Tuesday
2021-03-31,0,19168.0,Wednesday
2021-04-01,0,19324.0,Thursday
2021-04-02,0,18292.0,Friday
2021-04-03,1,25237.0,Saturday
2021-04-04,1,25755.0,Sunday
2021-04-05,0,28293.0,Monday
2021-04-06,0,31421.0,Tuesday
2021-04-07,0,32273.0,Wednesday
2021-04-08,0,33624.0,Thursday
2021-04-09,0,28648.0,Friday
2021-04-10,1,36075.0,Saturday
2021-04-11,1,8087.0,Sunday
2021-04-12,0,13898.0,Monday
2021-04-13,0,32424.0,Tuesday
2021-04-14,0,32905.0,Wednesday
2021-04-15,0,13516.0,Thursday
2021-04-16,0,24278.0,Friday
2021-04-17,1,31399.0,Saturday
2021-04-18,1,32711.0,Sunday
2021-04-19,0,30222.0,Monday
2021-04-20,0,38851.0,Tuesday
2021-04-21,0,25432.0,Wednesday
2021-04-22,0,23709.0,Thursday
2021-04-23,0,33820.0,Friday
2021-04-24,1,41849.0,Saturday
2021-04-25,1,23684.0,Sunday
2021-04-26,0,29276.0,Monday
2021-04-27,0,32572.0,Tuesday
2021-04-28,0,39304.0,Wednesday
2021-04-29,0,29091.0,Thursday
2021-04-30,0,33065.0,Friday
2021-05-01,1,36925.0,Saturday
2021-05-02,1,36904.0,Sunday
2021-05-03,0,25205.0,Monday
2021-05-04,0,35669.0,Tuesday
2021-05-05,0,20648.0,Wednesday
2021-05-06,0,38224.0,Thursday
2021-05-07,0,37968.0,Friday
2021-05-08,1,24068.0,Saturday
2021-05-09,1,21302.0,Sunday
2021-05-10,0,29501.0,Monday
2021-05-11,0,36823.0,Tuesday
2021-05-12,0,38763.0,Wednesday
2021-05-13,0,41650.0,Thursday
2021-05-14,0,44225.0,Friday
2021-05-15,1,48139.0,Saturday
2021-05-16,1,39120.0,Sunday
2021-05-17,0,39182.0,Monday
2021-05-18,0,43812.0,Tuesday
2021-05-19,0,45457.0,Wednesday
2021-05-20,0,45029.0,Thursday
2021-05-21,0,47218.0,Friday
2021-05-22,1,47808.0,Saturday
2021-05-23,1,44603.0,Sunday
2021-05-24,0,36993.0,Monday
2021-05-25,0,44635.0,Tuesday
2021-05-26,0,41201.0,Wednesday
2021-05-27,0,46885.0,Thursday
2021-05-28,0,25598.0,Friday
2021-05-29,1,12221.0,Saturday
2021-05-30,1,6860.0,Sunday
2021-05-31,0,35782.0,Monday
2021-06-01,0,41360.0,Tuesday
2021-06-02,0,44348.0,Wednesday
2021-06-03,0,28487.0,Thursday
2021-06-04,0,36155.0,Friday
2021-06-05,1,48952.0,Saturday
2021-06-06,1,43217.0,Sunday
2021-06-07,0,40502.0,Monday
2021-06-08,0,30918.0,Tuesday
2021-06-09,0,47033.0,Wednesday
2021-06-10,0,50947.0,Thursday
2021-06-11,0,45583.0,Friday
2021-06-12,1,48229.0,Saturday
2021-06-13,1,41477.0,Sunday
2021-06-14,0,35281.0,Monday
2021-06-15,0,49560.0,Tuesday
2021-06-16,0,50744.0,Wednesday
2021-06-17,0,50607.0,Thursday
2021-06-18,0,51575.0,Friday
2021-06-19,1,44465.0,Saturday
2021-06-20,1,43807.0,Sunday
2021-06-21,0,41602.0,Monday
2021-06-22,0,31040.0,Tuesday
2021-06-23,0,51962.0,Wednesday
2021-06-24,0,50367.0,Thursday
2021-06-25,0,48479.0,Friday
2021-06-26,1,49075.0,Saturday
2021-06-27,1,45808.0,Sunday
2021-06-28,0,41003.0,Monday
2021-06-29,0,42734.0,Tuesday
2021-06-30,0,40005.0,Wednesday
2021-07-01,0,27743.0,Thursday
2021-07-02,0,31470.0,Friday
2021-07-03,1,27226.0,Saturday
2021-07-04,1,38431.0,Sunday
2021-07-05,0,39555.0,Monday
2021-07-06,0,31265.0,Tuesday
2021-07-07,0,42440.0,Wednesday
2021-07-08,0,30506.0,Thursday
2021-07-09,0,35267.0,Friday
2021-07-10,1,44385.0,Saturday
2021-07-11,1,41922.0,Sunday
2021-07-12,0,36073.0,Monday
2021-07-13,0,43627.0,Tuesday
2021-07-14,0,45806.0,Wednesday
2021-07-15,0,46523.0,Thursday
2021-07-16,0,44848.0,Friday
2021-07-17,1,32673.0,Saturday
2021-07-18,1,40614.0,Sunday
2021-07-19,0,42468.0,Monday
2021-07-20,0,46182.0,Tuesday
2021-07-21,0,45164.0,Wednesday
2021-07-22,0,49623.0,Thursday
2021-07-23,0,46616.0,Friday
2021-07-24,1,51847.0,Saturday
2021-07-25,1,40318.0,Sunday
2021-07-26,0,40875.0,Monday
2021-07-27,0,43927.0,Tuesday
2021-07-28,0,46795.0,Wednesday
2021-07-29,0,31795.0,Thursday
2021-07-30,0,48323.0,Friday
2021-07-31,1,50734.0,Saturday
2021-08-01,1,39100.0,Sunday
2021-08-02,0,43228.0,Monday
2021-08-03,0,45689.0,Tuesday
2021-08-04,0,46211.0,Wednesday
2021-08-05,0,46316.0,Thursday
2021-08-06,0,46275.0,Friday
2021-08-07,1,48610.0,Saturday
2021-08-08,1,31809.0,Sunday
2021-08-09,0,39754.0,Monday
2021-08-10,0,37919.0,Tuesday
2021-08-11,0,41168.0,Wednesday
2021-08-12,0,41694.0,Thursday
2021-08-13,0,41155.0,Friday
2021-08-14,1,46559.0,Saturday
2021-08-15,1,44422.0,Sunday
2021-08-16,0,42168.0,Monday
2021-08-17,0,44622.0,Tuesday
2021-08-18,0,44026.0,Wednesday
2021-08-19,0,44618.0,Thursday
2021-08-20,0,42790.0,Friday
2021-08-21,1,39795.0,Saturday
2021-08-22,1,6277.0,Sunday
2021-08-23,0,31604.0,Monday
2021-08-24,0,45597.0,Tuesday
2021-08-25,0,44508.0,Wednesday
2021-08-26,0,43922.0,Thursday
2021-08-27,0,37535.0,Friday
2021-08-28,1,44389.0,Saturday
2021-08-29,1,42189.0,Sunday
2021-08-30,0,41686.0,Monday
2021-08-31,0,47302.0,Tuesday
2021-09-01,0,21278.0,Wednesday
2021-09-02,0,53001.0,Thursday
2021-09-03,0,48606.0,Friday
2021-09-04,1,45583.0,Saturday
2021-09-05,1,36930.0,Sunday
2021-09-06,0,44121.0,Monday
2021-09-07,0,45678.0,Tuesday
2021-09-08,0,48391.0,Wednesday
2021-09-09,0,32842.0,Thursday
2021-09-10,0,54123.0,Friday
2021-09-11,1,55908.0,Saturday
2021-09-12,1,49069.0,Sunday
2021-09-13,0,45550.0,Monday
2021-09-14,0,51811.0,Tuesday
2021-09-15,0,50587.0,Wednesday
2021-09-16,0,47416.0,Thursday
2021-09-17,0,47872.0,Friday
2021-09-18,1,53414.0,Saturday
2021-09-19,1,49955.0,Sunday
2021-09-20,0,47453.0,Monday
2021-09-21,0,49572.0,Tuesday
2021-09-22,0,49438.0,Wednesday
2021-09-23,0,37288.0,Thursday
2021-09-24,0,50751.0,Friday
2021-09-25,1,53877.0,Saturday
2021-09-26,1,48430.0,Sunday
2021-09-27,0,46550.0,Monday
2021-09-28,0,41977.0,Tuesday
2021-09-29,0,47692.0,Wednesday
2021-09-30,0,48502.0,Thursday
2021-10-01,0,49408.0,Friday
2021-10-02,1,51631.0,Saturday
2021-10-03,1,45934.0,Sunday
2021-10-04,0,31212.0,Monday
2021-10-05,0,45025.0,Tuesday
2021-10-06,0,47869.0,Wednesday
2021-10-07,0,49907.0,Thursday
2021-10-08,0,49987.0,Friday
2021-10-09,1,46023.0,Saturday
2021-10-10,1,29039.0,Sunday
2021-10-11,0,41303.0,Monday
2021-10-12,0,46233.0,Tuesday
2021-10-13,0,47360.0,Wednesday
2021-10-14,0,50024.0,Thursday
2021-10-15,0,50416.0,Friday
2021-10-16,1,42327.0,Saturday
2021-10-17,1,38421.0,Sunday
2021-10-18,0,37275.0,Monday
2021-10-19,0,43161.0,Tuesday
2021-10-20,0,48600.0,Wednesday
2021-10-21,0,49568.0,Thursday
2021-10-22,0,47729.0,Friday
2021-10-23,1,39015.0,Saturday
2021-10-24,1,35946.0,Sunday
2021-10-25,0,39722.0,Monday
2021-10-26,0,20249.0,Tuesday
2021-10-27,0,42817.0,Wednesday
2021-10-28,0,43997.0,Thursday
2021-10-29,0,35536.0,Friday
2021-10-30,1,33537.0,Saturday
2021-10-31,1,35272.0,Sunday
2021-11-01,0,38852.0,Monday
2021-11-02,0,36086.0,Tuesday
2021-11-03,0,37996.0,Wednesday
2021-11-04,0,37256.0,Thursday
2021-11-05,0,36545.0,Friday
2021-11-06,1,35733.0,Saturday
2021-11-07,1,31730.0,Sunday
2021-11-08,0,35978.0,Monday
2021-11-09,0,42004.0,Tuesday
2021-11-10,0,42390.0,Wednesday
2021-11-11,0,40604.0,Thursday
2021-11-12,0,29537.0,Friday
2021-11-13,1,29422.0,Saturday
2021-11-14,1,26031.0,Sunday
2021-11-15,0,29409.0,Monday
2021-11-16,0,33299.0,Tuesday
2021-11-17,0,37001.0,Wednesday
2021-11-18,0,40694.0,Thursday
2021-11-19,0,31025.0,Friday
2021-11-20,1,28419.0,Saturday
2021-11-21,1,26855.0,Sunday
2021-11-22,0,26566.0,Monday
2021-11-23,0,25441.0,Tuesday
2021-11-24,0,24016.0,Wednesday
2021-11-25,0,13892.0,Thursday
2021-11-26,0,13047.0,Friday
2021-11-27,1,15158.0,Saturday
2021-11-28,1,16950.0,Sunday
2021-11-29,0,24630.0,Monday
2021-11-30,0,27307.0,Tuesday
2021-12-01,0,31969.0,Wednesday
2021-12-02,0,34329.0,Thursday
2021-12-03,0,30725.0,Friday
2021-12-04,1,28534.0,Saturday
2021-12-05,1,25929.0,Sunday
2021-12-06,0,29321.0,Monday
2021-12-07,0,29293.0,Tuesday
2021-12-08,0,28445.0,Wednesday
2021-12-09,0,28848.0,Thursday
2021-12-10,0,32524.0,Friday
2021-12-11,1,27369.0,Saturday
2021-12-12,1,25735.0,Sunday
2021-12-13,0,29538.0,Monday
2021-12-14,0,32704.0,Tuesday
2021-12-15,0,31133.0,Wednesday
2021-12-16,0,34441.0,Thursday
2021-12-17,0,32846.0,Friday
2021-12-18,1,16346.0,Saturday
2021-12-19,1,16212.0,Sunday
2021-12-20,0,19038.0,Monday
2021-12-21,0,21617.0,Tuesday
2021-12-22,0,17530.0,Wednesday
2021-12-23,0,17262.0,Thursday
2021-12-24,0,12826.0,Friday
2021-12-25,1,6359.0,Saturday
2021-12-26,1,12514.0,Sunday
2021-12-27,0,12994.0,Monday
2021-12-28,0,16665.0,Tuesday
2021-12-29,0,16712.0,Wednesday
2021-12-30,0,19463.0,Thursday
2021-12-31,0,19572.0,Friday
2022-01-01,1,8217.0,Saturday
2022-01-02,1,17556.0,Sunday
2022-01-03,0,13650.0,Monday
2022-01-04,0,15207.0,Tuesday
2022-01-05,0,14294.0,Wednesday
2022-01-06,0,19149.0,Thursday
2022-01-07,0,7475.0,Friday
2022-01-08,1,10252.0,Saturday
2022-01-09,1,8881.0,Sunday
2022-01-10,0,15121.0,Monday
2022-01-11,0,11507.0,Tuesday
2022-01-12,0,17180.0,Wednesday
2022-01-13,0,21753.0,Thursday
2022-01-14,0,19374.0,Friday
2022-01-15,1,9788.0,Saturday
2022-01-16,1,8807.0,Sunday
2022-01-17,0,12384.0,Monday
2022-01-18,0,18635.0,Tuesday
2022-01-19,0,23299.0,Wednesday
2022-01-20,0,14725.0,Thursday
2022-01-21,0,14442.0,Friday
2022-01-22,1,13863.0,Saturday
2022-01-23,1,14017.0,Sunday
2022-01-24,0,18300.0,Monday
2022-01-25,0,22142.0,Tuesday
2022-01-26,0,18406.0,Wednesday
2022-01-27,0,18999.0,Thursday
2022-01-28,0,14786.0,Friday
2022-01-29,1,1146.0,Saturday
2022-01-30,1,4035.0,Sunday
2022-01-31,0,9910.0,Monday
2022-02-01,0,13031.0,Tuesday
2022-02-02,0,18326.0,Wednesday
2022-02-03,0,11157.0,Thursday
2022-02-04,0,8461.0,Friday
2022-02-05,1,12624.0,Saturday
2022-02-06,1,11980.0,Sunday
2022-02-07,0,13136.0,Monday
2022-02-08,0,22555.0,Tuesday
2022-02-09,0,24450.0,Wednesday
2022-02-10,0,27384.0,Thursday
2022-02-11,0,28005.0,Friday
2022-02-12,1,29260.0,Saturday
2022-02-13,1,8690.0,Sunday
2022-02-14,0,14934.0,Monday
2022-02-15,0,17884.0,Tuesday
2022-02-16,0,23640.0,Wednesday
2022-02-17,0,29449.0,Thursday
2022-02-18,0,19873.0,Friday
2022-02-19,1,13846.0,Saturday
2022-02-20,1,13228.0,Sunday
2022-02-21,0,22312.0,Monday
2022-02-22,0,15860.0,Tuesday
2022-02-23,0,29505.0,Wednesday
2022-02-24,0,19780.0,Thursday
2022-02-25,0,13501.0,Friday
2022-02-26,1,17428.0,Saturday
2022-02-27,1,18284.0,Sunday
2022-02-28,0,19806.0,Monday
2022-03-01,0,24601.0,Tuesday
2022-03-02,0,28989.0,Wednesday
2022-03-03,0,23783.0,Thursday
2022-03-04,0,21146.0,Friday
2022-03-05,1,21797.0,Saturday
2022-03-06,1,22845.0,Sunday
2022-03-07,0,28889.0,Monday
2022-03-08,0,27351.0,Tuesday
2022-03-09,0,12118.0,Wednesday
2022-03-10,0,28859.0,Thursday
2022-03-11,0,29613.0,Friday
2022-03-12,1,8238.0,Saturday
2022-03-13,1,12824.0,Sunday
2022-03-14,0,26851.0,Monday
2022-03-15,0,33942.0,Tuesday
2022-03-16,0,34848.0,Wednesday
2022-03-17,0,21354.0,Thursday
2022-03-18,0,38891.0,Friday
2022-03-19,1,32554.0,Saturday
2022-03-20,1,26589.0,Sunday
2022-03-21,0,30722.0,Monday
2022-03-22,0,32575.0,Tuesday
2022-03-23,0,25869.0,Wednesday
2022-03-24,0,19815.0,Thursday
2022-03-25,0,31896.0,Friday
2022-03-26,1,25897.0,Saturday
2022-03-27,1,18701.0,Sunday
2022-03-28,0,16307.0,Monday
2022-03-29,0,20716.0,Tuesday
2022-03-30,0,26334.0,Wednesday
2022-03-31,0,31270.0,Thursday
2022-04-01,0,28734.0,Friday
2022-04-02,1,30293.0,Saturday
2022-04-03,1,15192.0,Sunday
2022-04-04,0,29286.0,Monday
2022-04-05,0,31297.0,Tuesday
2022-04-06,0,20738.0,Wednesday
2022-04-07,0,14536.0,Thursday
2022-04-08,0,37170.0,Friday
2022-04-09,1,26886.0,Saturday
2022-04-10,1,22942.0,Sunday
2022-04-11,0,32144.0,Monday
2022-04-12,0,39489.0,Tuesday
2022-04-13,0,42109.0,Wednesday
2022-04-14,0,38650.0,Thursday
2022-04-15,0,42073.0,Friday
2022-04-16,1,33270.0,Saturday
2022-04-17,1,21462.0,Sunday
2022-04-18,0,23572.0,Monday
2022-04-19,0,25648.0,Tuesday
2022-04-20,0,36520.0,Wednesday
2022-04-21,0,33283.0,Thursday
2022-04-22,0,40924.0,Friday
2022-04-23,1,39232.0,Saturday
2022-04-24,1,32378.0,Sunday
2022-04-25,0,30667.0,Monday
2022-04-26,0,31792.0,Tuesday
2022-04-27,0,34980.0,Wednesday
2022-04-28,0,32759.0,Thursday
2022-04-29,0,36058.0,Friday
2022-04-30,1,41362.0,Saturday
2022-05-01,1,38054.0,Sunday
2022-05-02,0,23082.0,Monday
2022-05-03,0,39346.0,Tuesday
2022-05-04,0,33311.0,Wednesday
2022-05-05,0,46390.0,Thursday
2022-05-06,0,13789.0,Friday
2022-05-07,1,7883.0,Saturday
2022-05-08,1,25214.0,Sunday
2022-05-09,0,39355.0,Monday
2022-05-10,0,43770.0,Tuesday
2022-05-11,0,44708.0,Wednesday
2022-05-12,0,45834.0,Thursday
2022-05-13,0,39415.0,Friday
2022-05-14,1,31955.0,Saturday
2022-05-15,1,42896.0,Sunday
2022-05-16,0,32346.0,Monday
2022-05-17,0,48940.0,Tuesday
2022-05-18,0,48603.0,Wednesday
2022-05-19,0,36435.0,Thursday
2022-05-20,0,33978.0,Friday
2022-05-21,1,44216.0,Saturday
2022-05-22,1,40772.0,Sunday
2022-05-23,0,41278.0,Monday
2022-05-24,0,43374.0,Tuesday
2022-05-25,0,46789.0,Wednesday
2022-05-26,0,44968.0,Thursday
2022-05-27,0,34697.0,Friday
2022-05-28,1,31810.0,Saturday
2022-05-29,1,38634.0,Sunday
2022-05-30,0,38289.0,Monday
2022-05-31,0,39935.0,Tuesday
2022-06-01,0,35568.0,Wednesday
2022-06-02,0,39998.0,Thursday
2022-06-03,0,48525.0,Friday
2022-06-04,1,49023.0,Saturday
2022-06-05,1,44774.0,Sunday
2022-06-06,0,43839.0,Monday
2022-06-07,0,42046.0,Tuesday
2022-06-08,0,50348.0,Wednesday
2022-06-09,0,46550.0,Thursday
2022-06-10,0,48079.0,Friday
2022-06-11,1,43324.0,Saturday
2022-06-12,1,34844.0,Sunday
2022-06-13,0,44646.0,Monday
2022-06-14,0,49706.0,Tuesday
2022-06-15,0,51513.0,Wednesday
2022-06-16,0,40548.0,Thursday
2022-06-17,0,46927.0,Friday
2022-06-18,1,41184.0,Saturday
2022-06-19,1,39731.0,Sunday
2022-06-20,0,45380.0,Monday
2022-06-21,0,40208.0,Tuesday
2022-06-22,0,38579.0,Wednesday
2022-06-23,0,48231.0,Thursday
2022-06-24,0,50353.0,Friday
2022-06-25,1,46305.0,Saturday
2022-06-26,1,41566.0,Sunday
2022-06-27,0,31232.0,Monday
2022-06-28,0,49125.0,Tuesday
2022-06-29,0,49064.0,Wednesday
2022-06-30,0,46679.0,Thursday
2022-07-01,0,40311.0,Friday
2022-07-02,1,33601.0,Saturday
2022-07-03,1,34029.0,Sunday
2022-07-04,0,34805.0,Monday
2022-07-05,0,34508.0,Tuesday
2022-07-06,0,45522.0,Wednesday
2022-07-07,0,45679.0,Thursday
2022-07-08,0,38200.0,Friday
2022-07-09,1,47326.0,Saturday
2022-07-10,1,44107.0,Sunday
2022-07-11,0,43712.0,Monday
2022-07-12,0,44088.0,Tuesday
2022-07-13,0,48328.0,Wednesday
2022-07-14,0,47811.0,Thursday
2022-07-15,0,46588.0,Friday
2022-07-16,1,44021.0,Saturday
2022-07-17,1,41691.0,Sunday
2022-07-18,0,32559.0,Monday
2022-07-19,0,47590.0,Tuesday
2022-07-20,0,47287.0,Wednesday
2022-07-21,0,42811.0,Thursday
2022-07-22,0,43060.0,Friday
2022-07-23,1,40698.0,Saturday
2022-07-24,1,37577.0,Sunday
2022-07-25,0,37528.0,Monday
2022-07-26,0,48364.0,Tuesday
2022-07-27,0,49517.0,Wednesday
2022-07-28,0,46643.0,Thursday
2022-07-29,0,44390.0,Friday
2022-07-30,1,47115.0,Saturday
2022-07-31,1,42738.0,Sunday
2022-08-01,0,38141.0,Monday
2022-08-02,0,47870.0,Tuesday
2022-08-03,0,49634.0,Wednesday
2022-08-04,0,46019.0,Thursday
2022-08-05,0,43770.0,Friday
2022-08-06,1,45695.0,Saturday
2022-08-07,1,35489.0,Sunday
2022-08-08,0,40612.0,Monday
2022-08-09,0,44327.0,Tuesday
2022-08-10,0,49469.0,Wednesday
2022-08-11,0,45667.0,Thursday
2022-08-12,0,48028.0,Friday
2022-08-13,1,50608.0,Saturday
2022-08-14,1,42112.0,Sunday
2022-08-15,0,43855.0,Monday
2022-08-16,0,48530.0,Tuesday
2022-08-17,0,48728.0,Wednesday
2022-08-18,0,48727.0,Thursday
2022-08-19,0,46753.0,Friday
2022-08-20,1,47762.0,Saturday
2022-08-21,1,41610.0,Sunday
2022-08-22,0,33142.0,Monday
2022-08-23,0,47327.0,Tuesday
2022-08-24,0,48919.0,Wednesday
2022-08-25,0,47229.0,Thursday
2022-08-26,0,43192.0,Friday
2022-08-27,1,44560.0,Saturday
2022-08-28,1,40530.0,Sunday
2022-08-29,0,42509.0,Monday
2022-08-30,0,45256.0,Tuesday
2022-08-31,0,49694.0,Wednesday
2022-09-01,0,48062.0,Thursday
2022-09-02,0,44869.0,Friday
2022-09-03,1,40848.0,Saturday
2022-09-04,1,37769.0,Sunday
2022-09-05,0,35712.0,Monday
2022-09-06,0,15326.0,Tuesday
2022-09-07,0,45581.0,Wednesday
2022-09-08,0,54684.0,Thursday
2022-09-09,0,52520.0,Friday
2022-09-10,1,51067.0,Saturday
2022-09-11,1,24784.0,Sunday
2022-09-12,0,46547.0,Monday
2022-09-13,0,49741.0,Tuesday
2022-09-14,0,55604.0,Wednesday
2022-09-15,0,53470.0,Thursday
2022-09-16,0,52143.0,Friday
2022-09-17,1,49896.0,Saturday
2022-09-18,1,44104.0,Sunday
2022-09-19,0,40778.0,Monday
2022-09-20,0,52218.0,Tuesday
2022-09-21,0,53749.0,Wednesday
2022-09-22,0,40470.0,Thursday
2022-09-23,0,43934.0,Friday
2022-09-24,1,43257.0,Saturday
2022-09-25,1,33252.0,Sunday
2022-09-26,0,42105.0,Monday
2022-09-27,0,47276.0,Tuesday
2022-09-28,0,50801.0,Wednesday
2022-09-29,0,49293.0,Thursday
2022-09-30,0,45688.0,Friday
2022-10-01,1,22235.0,Saturday
2022-10-02,1,19514.0,Sunday
2022-10-03,0,18716.0,Monday
2022-10-04,0,20183.0,Tuesday
2022-10-05,0,26582.0,Wednesday
2022-10-06,0,49274.0,Thursday
2022-10-07,0,48437.0,Friday
2022-10-08,1,38734.0,Saturday
2022-10-09,1,35266.0,Sunday
2022-10-10,0,37332.0,Monday
2022-10-11,0,44423.0,Tuesday
2022-10-12,0,47347.0,Wednesday
2022-10-13,0,28872.0,Thursday
2022-10-14,0,45675.0,Friday
2022-10-15,1,45971.0,Saturday
2022-10-16,1,39033.0,Sunday
2022-10-17,0,34971.0,Monday
2022-10-18,0,40278.0,Tuesday
2022-10-19,0,39931.0,Wednesday
2022-10-20,0,41941.0,Thursday
2022-10-21,0,42784.0,Friday
2022-10-22,1,42055.0,Saturday
2022-10-23,1,24684.0,Sunday
2022-10-24,0,25805.0,Monday
2022-10-25,0,39220.0,Tuesday
2022-10-26,0,44960.0,Wednesday
2022-10-27,0,45875.0,Thursday
2022-10-28,0,41587.0,Friday
2022-10-29,1,40488.0,Saturday
2022-10-30,1,36047.0,Sunday
2022-10-31,0,36691.0,Monday
2022-11-01,0,40564.0,Tuesday
2022-11-02,0,46632.0,Wednesday
2022-11-03,0,46644.0,Thursday
2022-11-04,0,45917.0,Friday
2022-11-05,1,44977.0,Saturday
2022-11-06,1,35459.0,Sunday
2022-11-07,0,40977.0,Monday
2022-11-08,0,37218.0,Tuesday
2022-11-09,0,37437.0,Wednesday
2022-11-10,0,42969.0,Thursday
2022-11-11,0,20882.0,Friday
2022-11-12,1,43679.0,Saturday
2022-11-13,1,26201.0,Sunday
2022-11-14,0,28921.0,Monday
2022-11-15,0,25639.0,Tuesday
2022-11-16,0,31151.0,Wednesday
2022-11-17,0,31164.0,Thursday
2022-11-18,0,28214.0,Friday
2022-11-19,1,21734.0,Saturday
2022-11-20,1,16344.0,Sunday
2022-11-21,0,22780.0,Monday
2022-11-22,0,28641.0,Tuesday
2022-11-23,0,27359.0,Wednesday
2022-11-24,0,12930.0,Thursday
2022-11-25,0,15596.0,Friday
2022-11-26,1,21459.0,Saturday
2022-11-27,1,11811.0,Sunday
2022-11-28,0,27684.0,Monday
2022-11-29,0,29669.0,Tuesday
2022-11-30,0,21437.0,Wednesday
2022-12-01,0,28908.0,Thursday
2022-12-02,0,28854.0,Friday
2022-12-03,1,16978.0,Saturday
2022-12-04,1,23404.0,Sunday
2022-12-05,0,28978.0,Monday
2022-12-06,0,20251.0,Tuesday
2022-12-07,0,30023.0,Wednesday
2022-12-08,0,36226.0,Thursday
2022-12-09,0,29813.0,Friday
2022-12-10,1,24131.0,Saturday
2022-12-11,1,11779.0,Sunday
2022-12-12,0,23909.0,Monday
2022-12-13,0,26384.0,Tuesday
2022-12-14,0,27215.0,Wednesday
2022-12-15,0,17329.0,Thursday
2022-12-16,0,10550.0,Friday
2022-12-17,1,22567.0,Saturday
2022-12-18,1,17686.0,Sunday
2022-12-19,0,20980.0,Monday
2022-12-20,0,23184.0,Tuesday
2022-12-21,0,23066.0,Wednesday
2022-12-22,0,14393.0,Thursday
2022-12-23,0,9659.0,Friday
2022-12-24,1,4089.0,Saturday
2022-12-25,1,3117.0,Sunday
2022-12-26,0,7037.0,Monday
2022-12-27,0,12510.0,Tuesday
2022-12-28,0,16683.0,Wednesday
2022-12-29,0,19749.0,Thursday
2022-12-30,0,23283.0,Friday
2022-12-31,1,10987.0,Saturday
2023-01-01,1,17991.0,Sunday
2023-01-02,0,21729.0,Monday
2023-01-03,0,20150.0,Tuesday
2023-01-04,0,28751.0,Wednesday
2023-01-05,0,27814.0,Thursday
2023-01-06,0,24817.0,Friday
2023-01-07,1,21629.0,Saturday
2023-01-08,1,17553.0,Sunday
2023-01-09,0,24047.0,Monday
2023-01-10,0,26376.0,Tuesday
2023-01-11,0,26858.0,Wednesday
2023-01-12,0,20021.0,Thursday
2023-01-13,0,24922.0,Friday
2023-01-14,1,16525.0,Saturday
2023-01-15,1,15428.0,Sunday
2023-01-16,0,19041.0,Monday
2023-01-17,0,26033.0,Tuesday
2023-01-18,0,30108.0,Wednesday
2023-01-19,0,12119.0,Thursday
2023-01-20,0,26548.0,Friday
2023-01-21,1,22201.0,Saturday
2023-01-22,1,14558.0,Sunday
2023-01-23,0,15143.0,Monday
2023-01-24,0,26929.0,Tuesday
2023-01-25,0,16031.0,Wednesday
2023-01-26,0,26091.0,Thursday
2023-01-27,0,25745.0,Friday
2023-01-28,1,25675.0,Saturday
2023-01-29,1,21944.0,Sunday
2023-01-30,0,27984.0,Monday
2023-01-31,0,22938.0,Tuesday
2023-02-01,0,24122.0,Wednesday
2023-02-02,0,25306.0,Thursday
2023-02-03,0,14920.0,Friday
2023-02-04,1,9347.0,Saturday
2023-02-05,1,18580.0,Sunday
2023-02-06,0,25315.0,Monday
2023-02-07,0,26287.0,Tuesday
2023-02-08,0,31366.0,Wednesday
2023-02-09,0,29906.0,Thursday
2023-02-10,0,32728.0,Friday
2023-02-11,1,24316.0,Saturday
2023-02-12,1,20632.0,Sunday
2023-02-13,0,28408.0,Monday
2023-02-14,0,31121.0,Tuesday
2023-02-15,0,35281.0,Wednesday
2023-02-16,0,29202.0,Thursday
2023-02-17,0,18904.0,Friday
2023-02-18,1,19327.0,Saturday
2023-02-19,1,19176.0,Sunday
2023-02-20,0,26651.0,Monday
2023-02-21,0,22125.0,Tuesday
2023-02-22,0,21562.0,Wednesday
2023-02-23,0,26071.0,Thursday
2023-02-24,0,23386.0,Friday
2023-02-25,1,16342.0,Saturday
2023-02-26,1,20634.0,Sunday
2023-02-27,0,22529.0,Monday
2023-02-28,0,16152.0,Tuesday
2023-03-01,0,27463.0,Wednesday
2023-03-02,0,28989.0,Thursday
2023-03-03,0,24927.0,Friday
2023-03-04,1,21125.0,Saturday
2023-03-05,1,23558.0,Sunday
2023-03-06,0,27972.0,Monday
2023-03-07,0,26175.0,Tuesday
2023-03-08,0,28165.0,Wednesday
2023-03-09,0,30926.0,Thursday
2023-03-10,0,22590.0,Friday
2023-03-11,1,18058.0,Saturday
2023-03-12,1,20496.0,Sunday
2023-03-13,0,12035.0,Monday
2023-03-14,0,15277.0,Tuesday
2023-03-15,0,25828.0,Wednesday
2023-03-16,0,32233.0,Thursday
2023-03-17,0,31680.0,Friday
2023-03-18,1,27836.0,Saturday
2023-03-19,1,17573.0,Sunday
2023-03-20,0,26739.0,Monday
2023-03-21,0,33901.0,Tuesday
2023-03-22,0,33684.0,Wednesday
2023-03-23,0,28788.0,Thursday
2023-03-24,0,29071.0,Friday
2023-03-25,1,11768.0,Saturday
2023-03-26,1,32198.0,Sunday
2023-03-27,0,22760.0,Monday
2023-03-28,0,30520.0,Tuesday
2023-03-29,0,34085.0,Wednesday
2023-03-30,0,29283.0,Thursday
2023-03-31,0,30861.0,Friday
2023-04-01,1,25724.0,Saturday
2023-04-02,1,25165.0,Sunday
2023-04-03,0,31491.0,Monday
2023-04-04,0,39118.0,Tuesday
2023-04-05,0,27122.0,Wednesday
2023-04-06,0,36330.0,Thursday
2023-04-07,0,29672.0,Friday
2023-04-08,1,27354.0,Saturday
2023-04-09,1,24240.0,Sunday
2023-04-10,0,33663.0,Monday
2023-04-11,0,39743.0,Tuesday
2023-04-12,0,44081.0,Wednesday
2023-04-13,0,44540.0,Thursday
2023-04-14,0,43865.0,Friday
2023-04-15,1,36290.0,Saturday
2023-04-16,1,36142.0,Sunday
2023-04-17,0,33320.0,Monday
2023-04-18,0,35727.0,Tuesday
2023-04-19,0,39489.0,Wednesday
2023-04-20,0,41743.0,Thursday
2023-04-21,0,42173.0,Friday
2023-04-22,1,40893.0,Saturday
2023-04-23,1,30101.0,Sunday
2023-04-24,0,36629.0,Monday
2023-04-25,0,39234.0,Tuesday
2023-04-26,0,40436.0,Wednesday
2023-04-27,0,38322.0,Thursday
2023-04-28,0,31093.0,Friday
2023-04-29,1,5901.0,Saturday
2023-04-30,1,8154.0,Sunday
2023-05-01,0,38127.0,Monday
2023-05-02,0,33029.0,Tuesday
2023-05-03,0,37493.0,Wednesday
2023-05-04,0,33690.0,Thursday
2023-05-05,0,40527.0,Friday
2023-05-06,1,42665.0,Saturday
2023-05-07,1,38392.0,Sunday
2023-05-08,0,42081.0,Monday
2023-05-09,0,42988.0,Tuesday
2023-05-10,0,46085.0,Wednesday
2023-05-11,0,47536.0,Thursday
2023-05-12,0,47184.0,Friday
2023-05-13,1,43549.0,Saturday
2023-05-14,1,38067.0,Sunday
2023-05-15,0,41891.0,Monday
2023-05-16,0,45895.0,Tuesday
2023-05-17,0,43444.0,Wednesday
2023-05-18,0,42588.0,Thursday
2023-05-19,0,43151.0,Friday
2023-05-20,1,14806.0,Saturday
2023-05-21,1,39405.0,Sunday
2023-05-22,0,41495.0,Monday
2023-05-23,0,44945.0,Tuesday
2023-05-24,0,42561.0,Wednesday
2023-05-25,0,44321.0,Thursday
2023-05-26,0,42658.0,Friday
2023-05-27,1,36131.0,Saturday
2023-05-28,1,33288.0,Sunday
2023-05-29,0,34975.0,Monday
2023-05-30,0,40854.0,Tuesday
2023-05-31,0,45123.0,Wednesday
2023-06-01,0,46541.0,Thursday
2023-06-02,0,40668.0,Friday
2023-06-03,1,36740.0,Saturday
2023-06-04,1,36033.0,Sunday
2023-06-05,0,42404.0,Monday
2023-06-06,0,41458.0,Tuesday
2023-06-07,0,34445.0,Wednesday
2023-06-08,0,35750.0,Thursday
2023-06-09,0,39956.0,Friday
2023-06-10,1,41379.0,Saturday
2023-06-11,1,36978.0,Sunday
2023-06-12,0,35037.0,Monday
2023-06-13,0,48817.0,Tuesday
2023-06-14,0,43089.0,Wednesday
2023-06-15,0,49351.0,Thursday
2023-06-16,0,37672.0,Friday
2023-06-17,1,40943.0,Saturday
2023-06-18,1,37894.0,Sunday
2023-06-19,0,42421.0,Monday
2023-06-20,0,46454.0,Tuesday
2023-06-21,0,48542.0,Wednesday
2023-06-22,0,42670.0,Thursday
2023-06-23,0,38003.0,Friday
2023-06-24,1,37857.0,Saturday
2023-06-25,1,40875.0,Sunday
2023-06-26,0,36390.0,Monday
2023-06-27,0,42674.0,Tuesday
2023-06-28,0,48558.0,Wednesday
2023-06-29,0,47744.0,Thursday
2023-06-30,0,39986.0,Friday
2023-07-01,1,36258.0,Saturday
2023-07-02,1,27050.0,Sunday
2023-07-03,0,32722.0,Monday
2023-07-04,0,26366.0,Tuesday
2023-07-05,0,41790.0,Wednesday
2023-07-06,0,44421.0,Thursday
2023-07-07,0,43268.0,Friday
2023-07-08,1,40433.0,Saturday
2023-07-09,1,30489.0,Sunday
2023-07-10,0,44160.0,Monday
2023-07-11,0,49320.0,Tuesday
2023-07-12,0,48965.0,Wednesday
2023-07-13,0,47615.0,Thursday
2023-07-14,0,36926.0,Friday
2023-07-15,1,37885.0,Saturday
2023-07-16,1,21888.0,Sunday
2023-07-17,0,44207.0,Monday
2023-07-18,0,44983.0,Tuesday
2023-07-19,0,48056.0,Wednesday
2023-07-20,0,50860.0,Thursday
2023-07-21,0,43857.0,Friday
2023-07-22,1,45924.0,Saturday
2023-07-23,1,41811.0,Sunday
2023-07-24,0,44760.0,Monday
2023-07-25,0,40751.0,Tuesday
2023-07-26,0,52592.0,Wednesday
2023-07-27,0,46679.0,Thursday
2023-07-28,0,44767.0,Friday
2023-07-29,1,41853.0,Saturday
2023-07-30,1,44242.0,Sunday
2023-07-31,0,46320.0,Monday
2023-08-01,0,51297.0,Tuesday
2023-08-02,0,51959.0,Wednesday
2023-08-03,0,50134.0,Thursday
2023-08-04,0,44811.0,Friday
2023-08-05,1,47136.0,Saturday
2023-08-06,1,41383.0,Sunday
2023-08-07,0,34545.0,Monday
2023-08-08,0,48196.0,Tuesday
2023-08-09,0,51089.0,Wednesday
2023-08-10,0,31754.0,Thursday
2023-08-11,0,47241.0,Friday
2023-08-12,1,45119.0,Saturday
2023-08-13,1,39518.0,Sunday
2023-08-14,0,43811.0,Monday
2023-08-15,0,45808.0,Tuesday
2023-08-16,0,48500.0,Wednesday
2023-08-17,0,46652.0,Thursday
2023-08-18,0,43387.0,Friday
2023-08-19,1,48542.0,Saturday
2023-08-20,1,40064.0,Sunday
2023-08-21,0,42733.0,Monday
2023-08-22,0,48480.0,Tuesday
2023-08-23,0,48541.0,Wednesday
2023-08-24,0,35593.0,Thursday
2023-08-25,0,34209.0,Friday
2023-08-26,1,41988.0,Saturday
2023-08-27,1,42329.0,Sunday
2023-08-28,0,42431.0,Monday
2023-08-29,0,47792.0,Tuesday
2023-08-30,0,45129.0,Wednesday
2023-08-31,0,47708.0,Thursday
2023-09-01,0,42717.0,Friday
2023-09-02,1,39427.0,Saturday
2023-09-03,1,36462.0,Sunday
2023-09-04,0,36180.0,Monday
2023-09-05,0,47014.0,Tuesday
2023-09-06,0,50465.0,Wednesday
2023-09-07,0,52130.0,Thursday
2023-09-08,0,41379.0,Friday
2023-09-09,1,42763.0,Saturday
2023-09-10,1,28763.0,Sunday
2023-09-11,0,40384.0,Monday
2023-09-12,0,56291.0,Tuesday
2023-09-13,0,51848.0,Wednesday
2023-09-14,0,56198.0,Thursday
2023-09-15,0,50692.0,Friday
2023-09-16,1,48324.0,Saturday
2023-09-17,1,41966.0,Sunday
2023-09-18,0,20065.0,Monday
2023-09-19,0,55033.0,Tuesday
2023-09-20,0,56596.0,Wednesday
2023-09-21,0,54460.0,Thursday
2023-09-22,0,52519.0,Friday
2023-09-23,1,11662.0,Saturday
2023-09-24,1,10902.0,Sunday
2023-09-25,0,14225.0,Monday
2023-09-26,0,27827.0,Tuesday
2023-09-27,0,47896.0,Wednesday
2023-09-28,0,37624.0,Thursday
2023-09-29,0,16185.0,Friday
2023-09-30,1,35207.0,Saturday
2023-10-01,1,44510.0,Sunday
2023-10-02,0,47708.0,Monday
2023-10-03,0,53030.0,Tuesday
2023-10-04,0,53923.0,Wednesday
2023-10-05,0,53607.0,Thursday
2023-10-06,0,43091.0,Friday
2023-10-07,1,23426.0,Saturday
2023-10-08,1,36008.0,Sunday
2023-10-09,0,38053.0,Monday
2023-10-10,0,46075.0,Tuesday
2023-10-11,0,51363.0,Wednesday
2023-10-12,0,50334.0,Thursday
2023-10-13,0,47420.0,Friday
2023-10-14,1,13820.0,Saturday
2023-10-15,1,35622.0,Sunday
2023-10-16,0,42471.0,Monday
2023-10-17,0,47934.0,Tuesday
2023-10-18,0,49272.0,Wednesday
2023-10-19,0,50594.0,Thursday
2023-10-20,0,21428.0,Friday
2023-10-21,1,33537.0,Saturday
2023-10-22,1,34176.0,Sunday
2023-10-23,0,41134.0,Monday
2023-10-24,0,47872.0,Tuesday
2023-10-25,0,51192.0,Wednesday
2023-10-26,0,53617.0,Thursday
2023-10-27,0,51310.0,Friday
2023-10-28,1,54177.0,Saturday
2023-10-29,1,15300.0,Sunday
2023-10-30,0,34705.0,Monday
2023-10-31,0,40906.0,Tuesday
2023-11-01,0,35421.0,Wednesday
2023-11-02,0,39254.0,Thursday
2023-11-03,0,39114.0,Friday
2023-11-04,1,37648.0,Saturday
2023-11-05,1,33618.0,Sunday
2023-11-06,0,35007.0,Monday
2023-11-07,0,40348.0,Tuesday
2023-11-08,0,38277.0,Wednesday
2023-11-09,0,41155.0,Thursday
2023-11-10,0,36853.0,Friday
2023-11-11,1,35045.0,Saturday
2023-11-12,1,25846.0,Sunday
2023-11-13,0,32884.0,Monday
2023-11-14,0,37517.0,Tuesday
2023-11-15,0,39502.0,Wednesday
2023-11-16,0,43596.0,Thursday
2023-11-17,0,43829.0,Friday
2023-11-18,1,32385.0,Saturday
2023-11-19,1,28932.0,Sunday
2023-11-20,0,30184.0,Monday
2023-11-21,0,20294.0,Tuesday
2023-11-22,0,26917.0,Wednesday
2023-11-23,0,13692.0,Thursday
2023-11-24,0,17368.0,Friday
2023-11-25,1,16911.0,Saturday
2023-11-26,1,14337.0,Sunday
2023-11-27,0,30123.0,Monday
2023-11-28,0,28470.0,Tuesday
2023-11-29,0,28828.0,Wednesday
2023-11-30,0,34820.0,Thursday
2023-12-01,0,22175.0,Friday
2023-12-02,1,35108.0,Saturday
2023-12-03,1,11715.0,Sunday
2023-12-04,0,33037.0,Monday
2023-12-05,0,33969.0,Tuesday
2023-12-06,0,31897.0,Wednesday
2023-12-07,0,31419.0,Thursday
2023-12-08,0,34307.0,Friday
2023-12-09,1,35533.0,Saturday
2023-12-10,1,14718.0,Sunday
2023-12-11,0,24192.0,Monday
2023-12-12,0,32103.0,Tuesday
2023-12-13,0,34071.0,Wednesday
2023-12-14,0,32657.0,Thursday
2023-12-15,0,36441.0,Friday
2023-12-16,1,33242.0,Saturday
2023-12-17,1,18410.0,Sunday
2023-12-18,0,20127.0,Monday
2023-12-19,0,28375.0,Tuesday
2023-12-20,0,28215.0,Wednesday
2023-12-21,0,25863.0,Thursday
2023-12-22,0,21021.0,Friday
2023-12-23,1,16252.0,Saturday
2023-12-24,1,12421.0,Sunday
2023-12-25,0,9388.0,Monday
2023-12-26,0,17187.0,Tuesday
2023-12-27,0,14172.0,Wednesday
2023-12-28,0,15252.0,Thursday
2023-12-29,0,22627.0,Friday
2023-12-30,1,18020.0,Saturday
2023-12-31,1,16787.0,Sunday
2024-01-01,0,14905.0,Monday
2024-01-02,0,23238.0,Tuesday
2024-01-03,0,26569.0,Wednesday
2024-01-04,0,27194.0,Thursday
2024-01-05,0,24757.0,Friday
2024-01-06,1,14064.0,Saturday
2024-01-07,1,11435.0,Sunday
2024-01-08,0,27468.0,Monday
2024-01-09,0,14382.0,Tuesday
2024-01-10,0,29037.0,Wednesday
2024-01-11,0,31492.0,Thursday
2024-01-12,0,29275.0,Friday
2024-01-13,1,21177.0,Saturday
2024-01-14,1,15946.0,Sunday
2024-01-15,0,15397.0,Monday
2024-01-16,0,10052.0,Tuesday
2024-01-17,0,15921.0,Wednesday
2024-01-18,0,20127.0,Thursday
2024-01-19,0,15368.0,Friday
2024-01-20,1,12616.0,Saturday
2024-01-21,1,12286.0,Sunday
2024-01-22,0,21803.0,Monday
2024-01-23,0,25210.0,Tuesday
2024-01-24,0,23405.0,Wednesday
2024-01-25,0,26596.0,Thursday
2024-01-26,0,24870.0,Friday
2024-01-27,1,27359.0,Saturday
2024-01-28,1,9667.0,Sunday
2024-01-29,0,24869.0,Monday
2024-01-30,0,27838.0,Tuesday
2024-01-31,0,29218.0,Wednesday
2024-02-01,0,31219.0,Thursday
2024-02-02,0,23710.0,Friday
2024-02-03,1,23926.0,Saturday
2024-02-04,1,22092.0,Sunday
2024-02-05,0,26922.0,Monday
2024-02-06,0,29266.0,Tuesday
2024-02-07,0,32193.0,Wednesday
2024-02-08,0,33663.0,Thursday
2024-02-09,0,33641.0,Friday
2024-02-10,1,31627.0,Saturday
2024-02-11,1,25043.0,Sunday
2024-02-12,0,29526.0,Monday
2024-02-13,0,11528.0,Tuesday
2024-02-14,0,25764.0,Wednesday
2024-02-15,0,27227.0,Thursday
2024-02-16,0,25771.0,Friday
2024-02-17,1,13299.0,Saturday
2024-02-18,1,15189.0,Sunday
2024-02-19,0,19647.0,Monday
2024-02-20,0,24758.0,Tuesday
2024-02-21,0,27147.0,Wednesday
2024-02-22,0,25781.0,Thursday
2024-02-23,0,26858.0,Friday
2024-02-24,1,24993.0,Saturday
2024-02-25,1,18871.0,Sunday
2024-02-26,0,29579.0,Monday
2024-02-27,0,27816.0,Tuesday
2024-02-28,0,23701.0,Wednesday
2024-02-29,0,29840.0,Thursday
2024-03-01,0,29543.0,Friday
2024-03-02,1,9151.0,Saturday
2024-03-03,1,37786.0,Sunday
2024-03-04,0,33405.0,Monday
2024-03-05,0,17635.0,Tuesday
2024-03-06,0,18195.0,Wednesday
2024-03-07,0,32980.0,Thursday
2024-03-08,0,35848.0,Friday
2024-03-09,1,13853.0,Saturday
2024-03-10,1,20500.0,Sunday
2024-03-11,0,27880.0,Monday
2024-03-12,0,41981.0,Tuesday
2024-03-13,0,41954.0,Wednesday
2024-03-14,0,46362.0,Thursday
2024-03-15,0,40860.0,Friday
2024-03-16,1,36326.0,Saturday
2024-03-17,1,32288.0,Sunday
2024-03-18,0,30441.0,Monday
2024-03-19,0,31208.0,Tuesday
2024-03-20,0,30679.0,Wednesday
2024-03-21,0,28274.0,Thursday
2024-03-22,0,27421.0,Friday
2024-03-23,1,7450.0,Saturday
2024-03-24,1,23052.0,Sunday
2024-03-25,0,30965.0,Monday
2024-03-26,0,35386.0,Tuesday
2024-03-27,0,31801.0,Wednesday
2024-03-28,0,18251.0,Thursday
2024-03-29,0,33011.0,Friday
2024-03-30,1,31553.0,Saturday
2024-03-31,1,29329.0,Sunday
2024-04-01,0,30058.0,Monday
2024-04-02,0,13231.0,Tuesday
2024-04-03,0,8496.0,Wednesday
2024-04-04,0,33716.0,Thursday
2024-04-05,0,33659.0,Friday
2024-04-06,1,31323.0,Saturday
2024-04-07,1,31120.0,Sunday
2024-04-08,0,37288.0,Monday
2024-04-09,0,46779.0,Tuesday
2024-04-10,0,42731.0,Wednesday
2024-04-11,0,29585.0,Thursday
2024-04-12,0,35163.0,Friday
2024-04-13,1,28710.0,Saturday
2024-04-14,1,37196.0,Sunday
2024-04-15,0,47497.0,Monday
2024-04-16,0,49741.0,Tuesday
2024-04-17,0,38533.0,Wednesday
2024-04-18,0,30755.0,Thursday
2024-04-19,0,38781.0,Friday
2024-04-20,1,50449.0,Saturday
2024-04-21,1,29923.0,Sunday
2024-04-22,0,38318.0,Monday
2024-04-23,0,40569.0,Tuesday
2024-04-24,0,43006.0,Wednesday
2024-04-25,0,40805.0,Thursday
2024-04-26,0,41090.0,Friday
2024-04-27,1,34893.0,Saturday
2024-04-28,1,41871.0,Sunday
2024-04-29,0,44771.0,Monday
2024-04-30,0,43614.0,Tuesday
2024-05-01,0,50327.0,Wednesday
2024-05-02,0,54152.0,Thursday
2024-05-03,0,47008.0,Friday
2024-05-04,1,40806.0,Saturday
2024-05-05,1,16723.0,Sunday
2024-05-06,0,44662.0,Monday
2024-05-07,0,55476.0,Tuesday
2024-05-08,0,52276.0,Wednesday
2024-05-09,0,50983.0,Thursday
2024-05-10,0,29040.0,Friday
2024-05-11,1,44323.0,Saturday
2024-05-12,1,24121.0,Sunday
2024-05-13,0,45194.0,Monday
2024-05-14,0,47643.0,Tuesday
2024-05-15,0,30602.0,Wednesday
2024-05-16,0,42440.0,Thursday
2024-05-17,0,49880.0,Friday
2024-05-18,1,37324.0,Saturday
2024-05-19,1,45689.0,Sunday
2024-05-20,0,49416.0,Monday
2024-05-21,0,55920.0,Tuesday
2024-05-22,0,56363.0,Wednesday
2024-05-23,0,48690.0,Thursday
2024-05-24,0,50996.0,Friday
2024-05-25,1,42497.0,Saturday
2024-05-26,1,39357.0,Sunday
2024-05-27,0,21085.0,Monday
2024-05-28,0,52490.0,Tuesday
2024-05-29,0,51560.0,Wednesday
2024-05-30,0,53678.0,Thursday
2024-05-31,0,55627.0,Friday
2024-06-01,1,54597.0,Saturday
2024-06-02,1,47687.0,Sunday
2024-06-03,0,51110.0,Monday
2024-06-04,0,56456.0,Tuesday
2024-06-05,0,58170.0,Wednesday
2024-06-06,0,50222.0,Thursday
2024-06-07,0,56086.0,Friday
2024-06-08,1,52774.0,Saturday
2024-06-09,1,44644.0,Sunday
2024-06-10,0,52627.0,Monday
2024-06-11,0,55648.0,Tuesday
2024-06-12,0,58633.0,Wednesday
2024-06-13,0,58387.0,Thursday
2024-06-14,0,49779.0,Friday
2024-06-15,1,54962.0,Saturday
2024-06-16,1,48024.0,Sunday
2024-06-17,0,48709.0,Monday
2024-06-18,0,57662.0,Tuesday
2024-06-19,0,55825.0,Wednesday
2024-06-20,0,56010.0,Thursday
2024-06-21,0,53481.0,Friday
2024-06-22,1,46528.0,Saturday
2024-06-23,1,44677.0,Sunday
2024-06-24,0,51427.0,Monday
2024-06-25,0,58700.0,Tuesday
2024-06-26,0,55882.0,Wednesday
2024-06-27,0,58662.0,Thursday
2024-06-28,0,57208.0,Friday
2024-06-29,1,48805.0,Saturday
2024-06-30,1,34332.0,Sunday
2024-07-01,0,50668.0,Monday
2024-07-02,0,54043.0,Tuesday
2024-07-03,0,50109.0,Wednesday
2024-07-04,0,35282.0,Thursday
2024-07-05,0,34388.0,Friday
2024-07-06,1,36597.0,Saturday
2024-07-07,1,38221.0,Sunday
2024-07-08,0,47973.0,Monday
2024-07-09,0,53361.0,Tuesday
2024-07-10,0,54801.0,Wednesday
2024-07-11,0,54568.0,Thursday
2024-07-12,0,45894.0,Friday
2024-07-13,1,43719.0,Saturday
2024-07-14,1,44439.0,Sunday
2024-07-15,0,46588.0,Monday
2024-07-16,0,52548.0,Tuesday
2024-07-17,0,50736.0,Wednesday
2024-07-18,0,56019.0,Thursday
2024-07-19,0,54415.0,Friday
2024-07-20,1,51671.0,Saturday
2024-07-21,1,47383.0,Sunday
2024-07-22,0,48074.0,Monday
2024-07-23,0,48716.0,Tuesday
2024-07-24,0,55351.0,Wednesday
2024-07-25,0,56644.0,Thursday
2024-07-26,0,54581.0,Friday
2024-07-27,1,52780.0,Saturday
2024-07-28,1,47673.0,Sunday
2024-07-29,0,49168.0,Monday
2024-07-30,0,56097.0,Tuesday
2024-07-31,0,55493.0,Wednesday
2024-08-01,0,54762.0,Thursday
2024-08-02,0,44842.0,Friday
2024-08-03,1,43077.0,Saturday
2024-08-04,1,35356.0,Sunday
2024-08-05,0,50458.0,Monday
2024-08-06,0,38053.0,Tuesday
2024-08-07,0,36087.0,Wednesday
2024-08-08,0,30166.0,Thursday
2024-08-09,0,38725.0,Friday
2024-08-10,1,57994.0,Saturday
2024-08-11,1,48074.0,Sunday
2024-08-12,0,50278.0,Monday
2024-08-13,0,55149.0,Tuesday
2024-08-14,0,57099.0,Wednesday
2024-08-15,0,56327.0,Thursday
2024-08-16,0,52494.0,Friday
2024-08-17,1,49969.0,Saturday
2024-08-18,1,36489.0,Sunday
2024-08-19,0,45705.0,Monday
2024-08-20,0,54331.0,Tuesday
2024-08-21,0,55330.0,Wednesday
2024-08-22,0,55361.0,Thursday
2024-08-23,0,53261.0,Friday
2024-08-24,1,50728.0,Saturday
2024-08-25,1,45730.0,Sunday
2024-08-26,0,45785.0,Monday
2024-08-27,0,54790.0,Tuesday
2024-08-28,0,53204.0,Wednesday
2024-08-29,0,52063.0,Thursday
2024-08-30,0,45850.0,Friday
2024-08-31,1,42048.0,Saturday
2024-09-01,1,39274.0,Sunday
2024-09-02,0,44323.0,Monday
2024-09-03,0,55103.0,Tuesday
2024-09-04,0,60993.0,Wednesday
2024-09-05,0,58828.0,Thursday
2024-09-06,0,57461.0,Friday
2024-09-07,1,44749.0,Saturday
2024-09-08,1,50402.0,Sunday
2024-09-09,0,55135.0,Monday
2024-09-10,0,61199.0,Tuesday
2024-09-11,0,62146.0,Wednesday
2024-09-12,0,64214.0,Thursday
2024-09-13,0,61993.0,Friday
2024-09-14,1,59265.0,Saturday
2024-09-15,1,52249.0,Sunday
2024-09-16,0,56400.0,Monday
2024-09-17,0,60996.0,Tuesday
2024-09-18,0,62014.0,Wednesday
2024-09-19,0,64544.0,Thursday
2024-09-20,0,62981.0,Friday
2024-09-21,1,61282.0,Saturday
2024-09-22,1,53422.0,Sunday
2024-09-23,0,49897.0,Monday
2024-09-24,0,59008.0,Tuesday
2024-09-25,0,57128.0,Wednesday
2024-09-26,0,52766.0,Thursday
2024-09-27,0,58739.0,Friday
2024-09-28,1,27277.0,Saturday
2024-09-29,1,21580.0,Sunday
2024-09-30,0,55362.0,Monday
2024-10-01,0,59032.0,Tuesday
2024-10-02,0,58608.0,Wednesday
2024-10-03,0,56762.0,Thursday
2024-10-04,0,56850.0,Friday
2024-10-05,1,58079.0,Saturday
2024-10-06,1,50028.0,Sunday
2024-10-07,0,52959.0,Monday
2024-10-08,0,58735.0,Tuesday
2024-10-09,0,59764.0,Wednesday
2024-10-10,0,56533.0,Thursday
2024-10-11,0,55027.0,Friday
2024-10-12,1,53989.0,Saturday
2024-10-13,1,49300.0,Sunday
2024-10-14,0,43184.0,Monday
2024-10-15,0,49913.0,Tuesday
2024-10-16,0,51305.0,Wednesday
2024-10-17,0,52104.0,Thursday
2024-10-18,0,53947.0,Friday
2024-10-19,1,54314.0,Saturday
2024-10-20,1,48467.0,Sunday
2024-10-21,0,53799.0,Monday
2024-10-22,0,59947.0,Tuesday
2024-10-23,0,61329.0,Wednesday
2024-10-24,0,59001.0,Thursday
2024-10-25,0,55674.0,Friday
2024-10-26,1,52365.0,Saturday
2024-10-27,1,41135.0,Sunday
2024-10-28,0,48337.0,Monday
2024-10-29,0,53848.0,Tuesday
2024-10-30,0,60928.0,Wednesday
2024-10-31,0,61855.0,Thursday
2024-11-01,0,58117.0,Friday
2024-11-02,1,49030.0,Saturday
2024-11-03,1,38305.0,Sunday
2024-11-04,0,46195.0,Monday
2024-11-05,0,54547.0,Tuesday
2024-11-06,0,57981.0,Wednesday
2024-11-07,0,57692.0,Thursday
2024-11-08,0,53768.0,Friday
2024-11-09,1,43327.0,Saturday
2024-11-10,1,35886.0,Sunday
2024-11-11,0,46747.0,Monday
2024-11-12,0,44671.0,Tuesday
2024-11-13,0,44537.0,Wednesday
2024-11-14,0,41083.0,Thursday
2024-11-15,0,45701.0,Friday
2024-11-16,1,45190.0,Saturday
2024-11-17,1,40123.0,Sunday
2024-11-18,0,46763.0,Monday
2024-11-19,0,49167.0,Tuesday
2024-11-20,0,51422.0,Wednesday
2024-11-21,0,17697.0,Thursday
2024-11-22,0,19971.0,Friday
2024-11-23,1,30833.0,Saturday
2024-11-24,1,29309.0,Sunday
2024-11-25,0,40182.0,Monday
2024-11-26,0,34118.0,Tuesday
2024-11-27,0,35610.0,Wednesday
2024-11-28,0,7385.0,Thursday
2024-11-29,0,18080.0,Friday
2024-11-30,1,18174.0,Saturday
2024-12-01,1,17499.0,Sunday
2024-12-02,0,29647.0,Monday
2024-12-03,0,34635.0,Tuesday
2024-12-04,0,35646.0,Wednesday
2024-12-05,0,32547.0,Thursday
2024-12-06,0,30720.0,Friday
2024-12-07,1,28184.0,Saturday
2024-12-08,1,30302.0,Sunday
2024-12-09,0,29342.0,Monday
2024-12-10,0,33751.0,Tuesday
2024-12-11,0,22305.0,Wednesday
2024-12-12,0,32066.0,Thursday
2024-12-13,0,31336.0,Friday
2024-12-14,1,26071.0,Saturday
2024-12-15,1,24146.0,Sunday
2024-12-16,0,18961.0,Monday
2024-12-17,0,42632.0,Tuesday
2024-12-18,0,35384.0,Wednesday
2024-12-19,0,35655.0,Thursday
2024-12-20,0,24707.0,Friday
2024-12-21,1,12241.0,Saturday
2024-12-22,1,9862.0,Sunday
2024-12-23,0,14250.0,Monday
2024-12-24,0,10091.0,Tuesday
2024-12-25,0,5982.0,Wednesday
2024-12-26,0,13316.0,Thursday
2024-12-27,0,16540.0,Friday
2024-12-28,1,7761.0,Saturday
2024-12-29,1,18868.0,Sunday
2024-12-30,0,26258.0,Monday
2024-12-31,0,23487.0,Tuesday
2025-01-01,0,15328.0,Wednesday
2025-01-02,0,22559.0,Thursday
2025-01-03,0,23075.0,Friday
2025-01-04,1,16969.0,Saturday
2025-01-05,1,15948.0,Sunday
2025-01-06,0,18951.0,Monday
2025-01-07,0,21939.0,Tuesday
2025-01-08,0,22417.0,Wednesday
2025-01-09,0,22685.0,Thursday
2025-01-10,0,26384.0,Friday
2025-01-11,1,20661.0,Saturday
2025-01-12,1,21807.0,Sunday
2025-01-13,0,28385.0,Monday
2025-01-14,0,27476.0,Tuesday
2025-01-15,0,26826.0,Wednesday
2025-01-16,0,26988.0,Thursday
2025-01-17,0,28128.0,Friday
2025-01-18,1,19239.0,Saturday
2025-01-19,1,13350.0,Sunday
2025-01-20,0,10714.0,Monday
2025-01-21,0,17061.0,Tuesday
2025-01-22,0,18895.0,Wednesday
2025-01-23,0,22306.0,Thursday
2025-01-24,0,23866.0,Friday
2025-01-25,1,20194.0,Saturday
2025-01-26,1,21652.0,Sunday
2025-01-27,0,27137.0,Monday
2025-01-28,0,30532.0,Tuesday
2025-01-29,0,32021.0,Wednesday
2025-01-30,0,29790.0,Thursday
2025-01-31,0,22645.0,Friday
2025-02-01,1,23152.0,Saturday
2025-02-02,1,16433.0,Sunday
2025-02-03,0,29445.0,Monday
2025-02-04,0,32401.0,Tuesday
2025-02-05,0,30155.0,Wednesday
2025-02-06,0,19180.0,Thursday
2025-02-07,0,29282.0,Friday
2025-02-08,1,20783.0,Saturday
2025-02-09,1,11974.0,Sunday
2025-02-10,0,23685.0,Monday
2025-02-11,0,25796.0,Tuesday
2025-02-12,0,23089.0,Wednesday
2025-02-13,0,25738.0,Thursday
2025-02-14,0,25338.0,Friday
2025-02-15,1,12755.0,Saturday
2025-02-16,1,9034.0,Sunday
2025-02-17,0,16725.0,Monday
2025-02-18,0,20309.0,Tuesday
2025-02-19,0,22731.0,Wednesday
2025-02-20,0,20049.0,Thursday
2025-02-21,0,20991.0,Friday
2025-02-22,1,20845.0,Saturday
2025-02-23,1,22067.0,Sunday
2025-02-24,0,29992.0,Monday
2025-02-25,0,36480.0,Tuesday
2025-02-26,0,39606.0,Wednesday
2025-02-27,0,34109.0,Thursday
2025-02-28,0,36221.0,Friday
2025-03-01,1,31110.0,Saturday
2025-03-02,1,17092.0,Sunday
2025-03-03,0,26236.0,Monday
2025-03-04,0,35596.0,Tuesday
2025-03-05,0,23779.0,Wednesday
2025-03-06,0,34078.0,Thursday
2025-03-07,0,32477.0,Friday
2025-03-08,1,26323.0,Saturday
2025-03-09,1,25492.0,Sunday
2025-03-10,0,39219.0,Monday
2025-03-11,0,45510.0,Tuesday
2025-03-12,0,41159.0,Wednesday
2025-03-13,0,39679.0,Thursday
2025-03-14,0,39273.0,Friday
2025-03-15,1,29244.0,Saturday
2025-03-16,1,28011.0,Sunday
2025-03-17,0,27969.0,Monday
2025-03-18,0,40925.0,Tuesday
2025-03-19,0,44004.0,Wednesday
2025-03-20,0,33036.0,Thursday
2025-03-21,0,33558.0,Friday
2025-03-22,1,35280.0,Saturday
2025-03-23,1,25928.0,Sunday
2025-03-24,0,18578.0,Monday
2025-03-25,0,41476.0,Tuesday
2025-03-26,0,37218.0,Wednesday
2025-03-27,0,38123.0,Thursday
2025-03-28,0,38448.0,Friday
2025-03-29,1,43585.0,Saturday
2025-03-30,1,26526.0,Sunday
2025-03-31,0,33696.0,Monday
2025-04-01,0,40564.0,Tuesday
2025-04-02,0,37613.0,Wednesday
2025-04-03,0,43298.0,Thursday
2025-04-04,0,47086.0,Friday
2025-04-05,1,24213.0,Saturday
2025-04-06,1,28357.0,Sunday
2025-04-07,0,22932.0,Monday
2025-04-08,0,35294.0,Tuesday
2025-04-09,0,38272.0,Wednesday
2025-04-10,0,36420.0,Thursday
2025-04-11,0,23061.0,Friday
2025-04-12,1,13599.0,Saturday
2025-04-13,1,30824.0,Sunday
2025-04-14,0,39777.0,Monday
2025-04-15,0,45322.0,Tuesday
2025-04-16,0,38036.0,Wednesday
2025-04-17,0,45822.0,Thursday
2025-04-18,0,44299.0,Friday
2025-04-19,1,48869.0,Saturday
2025-04-20,1,36581.0,Sunday
2025-04-21,0,38218.0,Monday
2025-04-22,0,53258.0,Tuesday
2025-04-23,0,54848.0,Wednesday
2025-04-24,0,57092.0,Thursday
2025-04-25,0,54757.0,Friday
2025-04-26,1,41346.0,Saturday
2025-04-27,1,35967.0,Sunday
2025-04-28,0,49955.0,Monday
2025-04-29,0,56930.0,Tuesday
2025-04-30,0,58111.0,Wednesday
2025-05-01,0,56015.0,Thursday
2025-05-02,0,57395.0,Friday
2025-05-03,1,56169.0,Saturday
2025-05-04,1,27592.0,Sunday
2025-05-05,0,24287.0,Monday
2025-05-06,0,39359.0,Tuesday
2025-05-07,0,58486.0,Wednesday
2025-05-08,0,57393.0,Thursday
2025-05-09,0,28725.0,Friday
2025-05-10,1,55798.0,Saturday
2025-05-11,1,47639.0,Sunday
2025-05-12,0,52957.0,Monday
2025-05-13,0,43695.0,Tuesday
2025-05-14,0,21064.0,Wednesday
2025-05-15,0,53668.0,Thursday
2025-05-16,0,49155.0,Friday
2025-05-17,1,57603.0,Saturday
2025-05-18,1,47214.0,Sunday
2025-05-19,0,48679.0,Monday
2025-05-20,0,54519.0,Tuesday
2025-05-21,0,34767.0,Wednesday
2025-05-22,0,20866.0,Thursday
2025-05-23,0,37084.0,Friday
2025-05-24,1,35383.0,Saturday
2025-05-25,1,35475.0,Sunday
2025-05-26,0,41731.0,Monday
2025-05-27,0,52530.0,Tuesday
2025-05-28,0,32071.0,Wednesday
2025-05-29,0,49463.0,Thursday
2025-05-30,0,54711.0,Friday
2025-05-31,1,47215.0,Saturday
2025-06-01,1,43150.0,Sunday
2025-06-02,0,51196.0,Monday
2025-06-03,0,59204.0,Tuesday
2025-06-04,0,63371.0,Wednesday
2025-06-05,0,61322.0,Thursday
2025-06-06,0,58381.0,Friday
2025-06-07,1,39185.0,Saturday
2025-06-08,1,45496.0,Sunday
2025-06-09,0,42929.0,Monday
2025-06-10,0,46944.0,Tuesday
2025-06-11,0,62198.0,Wednesday
2025-06-12,0,61726.0,Thursday
2025-06-13,0,58168.0,Friday
2025-06-14,1,27101.0,Saturday
2025-06-15,1,30819.0,Sunday
2025-06-16,0,44193.0,Monday
2025-06-17,0,47146.0,Tuesday
2025-06-18,0,57493.0,Wednesday
2025-06-19,0,43231.0,Thursday
2025-06-20,0,55349.0,Friday
2025-06-21,1,51390.0,Saturday
2025-06-22,1,40602.0,Sunday
2025-06-23,0,49070.0,Monday
2025-06-24,0,52663.0,Tuesday
2025-06-25,0,55927.0,Wednesday
2025-06-26,0,56718.0,Thursday
2025-06-27,0,53256.0,Friday
2025-06-28,1,50925.0,Saturday
2025-06-29,1,47375.0,Sunday
2025-06-30,0,49163.0,Monday
2025-07-01,0,39619.0,Tuesday
2025-07-02,0,52536.0,Wednesday
2025-07-03,0,44866.0,Thursday
2025-07-04,0,35578.0,Friday
2025-07-05,1,37997.0,Saturday
2025-07-06,1,39571.0,Sunday
2025-07-07,0,47083.0,Monday
2025-07-08,0,49655.0,Tuesday
2025-07-09,0,55547.0,Wednesday
2025-07-10,0,56725.0,Thursday
2025-07-11,0,56073.0,Friday
2025-07-12,1,54601.0,Saturday
2025-07-13,1,49366.0,Sunday
2025-07-14,0,35486.0,Monday
2025-07-15,0,58402.0,Tuesday
2025-07-16,0,59298.0,Wednesday
2025-07-17,0,57964.0,Thursday
2025-07-18,0,56385.0,Friday
2025-07-19,1,52113.0,Saturday
2025-07-20,1,47634.0,Sunday
2025-07-21,0,52823.0,Monday
2025-07-22,0,59000.0,Tuesday
2025-07-23,0,60127.0,Wednesday
2025-07-24,0,59585.0,Thursday
2025-07-25,0,51215.0,Friday
2025-07-26,1,53599.0,Saturday
2025-07-27,1,44272.0,Sunday
2025-07-28,0,52057.0,Monday
2025-07-29,0,57602.0,Tuesday
2025-07-30,0,55470.0,Wednesday
2025-07-31,0,43504.0,Thursday
2025-08-01,0,51668.0,Friday
2025-08-02,1,60206.0,Saturday
2025-08-03,1,49916.0,Sunday
2025-08-04,0,52645.0,Monday
2025-08-05,0,57500.0,Tuesday
2025-08-06,0,53844.0,Wednesday
2025-08-07,0,58708.0,Thursday
2025-08-08,0,55571.0,Friday
2025-08-09,1,59823.0,Saturday
2025-08-10,1,47780.0,Sunday
2025-08-11,0,52043.0,Monday
2025-08-12,0,57633.0,Tuesday
2025-08-13,0,44534.0,Wednesday
2025-08-14,0,56954.0,Thursday
2025-08-15,0,54600.0,Friday
2025-08-16,1,58959.0,Saturday
2025-08-17,1,42582.0,Sunday
2025-08-18,0,49357.0,Monday
2025-08-19,0,56040.0,Tuesday
2025-08-20,0,29411.0,Wednesday
2025-08-21,0,48180.0,Thursday
2025-08-22,0,53717.0,Friday
2025-08-23,1,53284.0,Saturday
2025-08-24,1,46276.0,Sunday
2025-08-25,0,49329.0,Monday
2025-08-26,0,55034.0,Tuesday
2025-08-27,0,54865.0,Wednesday
2025-08-28,0,53635.0,Thursday
2025-08-29,0,48304.0,Friday
2025-08-30,1,44379.0,Saturday
2025-08-31,1,42552.0,Sunday
